PCA1,PCA2,LDA
-75.71465491386245,-35.950782638478145,1.3802470189496325
-82.35826759857926,28.908213221886054,-1.5645239891925227
-74.63064343955236,-67.90649646533772,1.7661851477760804
11.07742272598419,34.89848586271189,-1.690587521621856
89.74378806141752,-2.7469370762075864,2.207268042395471
-80.97792192337414,-3.946887167698815,-0.6309450106190888
4.350959294086756,46.93391220267284,-1.329180427997306
-82.13729445124024,7.097953920942016,1.1266376064350838
468.8663886756294,-31.528257571760303,1.4425038892767348
-80.19384983570708,-18.04828292506941,-1.5782164734780322
-81.10497038159517,-1.2090135366111532,-0.36032507529765995
-75.7421732375739,-55.75846578443578,2.263558312840152
-78.71637198664283,-31.128431706002942,1.6406926553665562
767.4740620387639,4.267684141309735,1.1828227207506128
98.75739538134377,-37.56777331091128,1.131070707621832
-83.68316631048037,21.5772175374863,0.3910391088313645
150.9394404785637,16.197163772339223,0.1575754447491829
-81.80976268404349,4.429602045843602,-0.3970935685921981
2.0247619494410425,23.827289143885082,0.16125157436391735
16.148466929011555,7.800201136260471,-0.26137216153562437
156.3045250053055,8.775736207967778,0.26668297763429605
-82.41974203130468,7.829792021147863,0.04169968850616103
-72.73967494495336,-86.24860792575437,2.702105321751516
-78.4182971461452,-5.800007951576876,0.02126616429282778
69.05116262133137,-20.905990586035166,1.3019514603413929
35.65317151852232,-1.6561215560174003,0.5136056828355928
-77.77058291993515,-36.88497402949636,1.3981322358776256
56.984914852519964,31.100479607083297,-1.5872826145829673
32.223892714827514,-25.574008812572956,0.8872923449214045
-80.49978846957482,-8.994191990742104,-0.0952716561482987
-80.02788066874415,-0.47277418845139135,0.4057042355871567
168.75733485219715,-19.75370989055745,0.8918057312211328
-29.656437464900286,32.496028444157616,-1.5405034680140897
-83.1104857239883,17.357229919063162,-1.752816018533642
-78.47861431312552,-10.864046293945371,0.4883143273415829
110.1767987024864,30.433003469802024,-0.6088929615089265
-78.71723567196334,-26.81323444424729,1.1702201475063916
-80.02969533407824,8.844540952989833,0.31480571404852237
-80.87234245722189,24.508556622334588,-0.593317578765952
127.00144441127472,19.342311643202315,0.8272090680694869
-3.7062044091700463,-56.46749099927509,1.4810453818044427
-78.97836765970851,-23.606235977057615,1.2065254110261334
-80.68156444498736,1.830220575825087,-0.8289025750711307
164.9698799821997,-42.81321566407795,2.496609783828132
-76.9473761988569,-45.86443250948859,1.1140640605852647
-72.2185959741193,-62.73411130405532,2.805281674036288
-78.26395841805247,-30.520942414297966,0.47371613029672277
-83.73496854159211,43.008704155524875,-1.757698193157639
-80.25238841228321,10.858967095711845,0.2364558730266096
-83.58601088187584,19.246848292100537,-1.5008641505222196
-0.0996075937095035,17.739188808157106,-1.7559856481538876
-46.165082620713406,19.03333527780967,-1.0893407701085935
-59.74468788232353,27.858025778112644,-1.283475674443257
225.15499423726575,-38.5680956258547,1.8789256708157944
264.4955722827799,-3.229436060991637,1.3472377479344888
-84.95871915172468,43.31678372415032,-2.137624750650157
230.27165251508174,-43.25479664985873,2.2113794035139516
30.873971548668415,22.478994647407774,0.0734251603911304
-77.74501804488958,-36.79876103385184,1.751514243866149
61.55936778006213,24.463569433343938,-0.5332965607701096
-85.61925146346742,40.19700893304955,-2.573415102869109
-79.28314325284488,-21.863058573170004,0.7252269986490032
-88.24305963904082,66.9420071226234,-2.151872676566611
50.418713130098254,-10.984138858820286,0.10127037947969943
-81.24820150189952,-2.9327603802671907,0.20415525875400717
-80.95977986577614,13.702897090209216,-0.8401964533381571
-79.53598291219896,1.2749478390152,-0.46576938480397573
-81.21248585835109,-3.795638443461296,0.4585602675288951
-44.690743071318295,23.025977378312017,-1.8428968835345139
23.143909049886606,-23.3611097898601,0.05990339638091716
8.039289556581243,22.422216037096476,-0.45546834730740987
62.329220187017995,-9.19615430068336,0.2797331365182822
-79.55167082320737,-18.639177124913793,1.6941175168186842
190.00190049558034,8.975464764883798,-0.19963514260578663
-82.63177768209867,34.52997376207816,-1.5727431349834853
-91.50338786068642,114.93061601135001,-4.037232138150469
-86.14045285135542,46.06870390165051,-1.2614477082161464
-80.87886469338993,18.514764334712233,-0.34509930368389974
-80.4306388934762,-8.181610922618637,1.1521349365016862
-80.14216132004545,3.2872329242777183,-0.9567256967388528
-80.97661711002509,5.296228544379055,-0.9013110363236606
-86.60104048076495,49.77910615111052,-2.966902181946558
-12.024075968215572,34.7307309615936,-0.741463369980577
-80.86411050035724,14.815102020652054,-1.521474629894667
-78.07660359448131,-31.259186812667785,1.0760513424686864
44.44830799016145,15.561321123765593,-0.4486622156571259
-78.62290149453298,6.3831535071409276,0.7372676976887441
-10.40854861091907,20.647528808952316,-0.5078301399309662
32.19488335779588,-13.151772817636692,1.6393349504049366
-80.75834145946784,7.643185463763934,-1.2136413478088954
-84.85577650699868,35.406338531330775,-2.2376430045811206
95.57973817264278,5.079557729403817,-0.13736676564416683
-33.988527128726055,33.65087214295578,0.015885493411077894
-79.3795988404241,-25.260756504131283,0.08301804661802552
-13.627523096684262,-21.89072960380847,-0.12194575140504772
149.87696853910177,-9.562054847046776,0.7279906400570851
-81.70584867742032,23.336362802825885,-1.1700595797996023
-9.264003346152885,53.18144306192551,-2.321923613642386
-18.16557859195959,30.42450558099965,-0.7266663904318784
141.79166237961698,10.53638769757862,0.39041852241532954
-76.22727781497028,-50.31712125278705,1.8132709140624146
-77.73622084468978,-34.79903548400328,0.006760560095511667
-79.74477984036783,-14.298458335557465,-1.3449828010865126
-43.571928714711035,36.07542169651127,-1.9061926788985641
-83.94161580233231,27.29904213830797,-0.35484365665406303
72.50923666107285,6.152622943670701,-0.16757009590100255
-82.18773710931028,9.347074497904941,-2.281343238249009
62.271775663047094,-15.172154312201135,0.48219732414589506
-64.55990649086853,34.24094297556716,-0.9760491432437063
-45.38718440343994,20.161553502630095,-1.1243707847422824
60.57777738685012,-41.925972327799684,0.9907971794175546
415.8679277766994,5.478953723869144,1.3694587826958375
-44.66432387498076,28.296174313188406,-1.5144020441014963
-84.94586324595274,36.97318801059357,-1.1018270850143692
98.77527267354907,-27.011999418729015,1.4983879128930513
-77.7837429406385,-40.2534458078081,0.8287967686575705
-80.10624626804398,-13.240501464093983,0.20040010931880303
-84.98162652971548,37.006726741669965,-0.6467772108414208
-81.59714298418233,18.8643149626591,-0.8487494946842965
-31.048038956554034,19.38762785547335,-1.4739047547035276
26.68198610198707,-36.73228084238076,2.05797460230842
-79.11850820615099,5.004198073317183,-0.05116228676890666
19.4187728715227,16.674690725663936,-0.6810143892207298
-79.43859851274905,-25.876618183456028,0.265451621365908
-81.09618392550391,-0.5814088221262903,-0.7695963443433043
16.879436350211,40.587250473038054,0.5788650925154719
55.488182025648676,6.474817672802257,0.45468885351078364
14.6408281708833,8.067195819498957,-0.4128801586388852
64.90166949842077,6.474406929627629,-0.4382876043376374
-81.96436682045825,0.8477136860182711,-0.619763782411636
92.27503889594976,-42.678452985632724,1.118288851390345
-80.59113500539415,-8.099317215305184,1.2112168522666416
149.96973293511482,-31.968144444783217,1.2271092802081642
-82.08450831707793,27.03131349883851,-0.14502380058424363
-33.6209282762579,22.57731008940807,-1.439782831487798
60.04505989914871,3.2376116410377143,-0.1908264115156383
-31.256802869783048,19.54201871140039,-1.0402023158343543
9.51446198796908,31.641570025271974,-1.3165334469950012
-79.51740936767736,-17.44711976915191,-0.1501757166479524
242.60236183172827,39.212475271660914,-0.5234653849501177
-79.88789852808027,-19.428628063089857,-0.4653256073366134
-79.83831476155218,4.601443437079231,0.027073179350236856
-17.83748396415418,15.283761195506731,-0.5286257446652338
-81.8467330616029,2.8513309595434024,0.3090766781710539
206.60061042563424,-9.854679526362865,0.5915313249282768
-81.25007304539855,13.429921104611203,-2.8765242611891
-84.35072708381956,52.73235841826128,-1.3897654762573577
38.250809580722915,19.756161250916453,-0.001061314321432059
-77.89266022034803,-39.939417081722105,1.0817406125452402
-82.49419213560714,23.9913889906411,-1.6305071272460128
126.80566547556903,-0.8170076768275569,0.17422835412189158
-81.39302987857975,-1.5102001641183642,-0.6678071144220369
78.83258650077849,-30.433028060084606,1.920287017745678
407.22385433587,7.636974907315402,0.685610462882808
-73.61111653630289,-77.4512255206002,3.0097862516799974
-74.24160349409999,-40.41983315022334,2.0464752492581764
11.293375172350286,26.841596957778634,-1.079537859357959
53.42135189822146,20.49269103863327,-0.7839037413474831
-29.845159266996742,30.419137649136157,-1.5699287823349768
39.42253081666205,-39.571012743537366,3.2603305971397125
-74.95014629980629,-39.05707738267692,0.45803784406336745
24.464634341715357,19.221605311467073,0.0022841281780259515
204.30671687335408,25.742053309602984,-0.36438096359336997
-81.21075185244736,15.495115268714878,-0.9697658272558436
-79.19811023542975,-20.966140899227145,-0.09439674488113622
73.88654352963101,21.755995385742928,-0.23591429817636358
-76.3285131166041,-31.633312314675877,0.5054094746786265
-80.63915501484396,-7.710602029485305,0.0771351658527946
-81.59953614531817,2.8883144950497104,-0.25209763736920043
-2.9707684848906233,6.772534787977063,-0.82500497198623
-82.16910490041784,7.420878457241121,-0.6283998476173814
51.3591598032988,-7.589841304205022,0.7089515161592891
-83.53750763414168,36.69261778738462,-0.3689906270480518
-34.3170616654513,41.21444478688953,-0.5488794657450002
-29.01696402687275,43.38067596448861,-1.544250062349567
56.88051303566274,-51.423536436620125,2.142626724133274
-83.91194953653265,23.656123194309792,-0.8132350093914676
53.37807537955395,-8.006813860439044,1.3300824609842015
-78.0614340335264,-34.058321424084966,1.422102716357837
-79.31521718370003,-20.309031517574198,1.0671897011274638
-83.76073938412785,23.205593485510846,-1.5829768155166872
11.780044317637632,4.959883082865074,-0.14655965332324203
-68.19773656702291,113.41650670187728,-4.056649083200766
-85.38157922336748,40.208957443018,-1.5609824925710405
-78.53821347257274,-29.725152181102594,0.21894076194690185
-71.64264221969762,-79.37910695258304,2.863575776173554
419.01064403069347,-21.850567349346527,1.9945373819058532
-19.238833096870362,-11.790014091734838,0.21738526233940464
33.97656072640179,15.302293325875759,-0.18042505781494023
82.49449617864592,-9.57487966850324,0.22880820135228416
-81.66603429692944,4.064853523121023,-1.154302064295306
15.729539903132025,-0.5886224608515308,0.6179448780346452
-76.85885088768144,-45.72857007098329,1.2858520466252121
-79.98387462703958,-14.709649031946345,3.2159532869311174
-83.16640514406498,28.351586592423246,-0.9425650952770347
134.53241423296058,-24.463094088145564,1.203614026356909
-82.28938987822399,10.431158043078694,-1.3285990872156406
-33.60076150543545,12.953107913472389,-0.8908450302755184
19.31329260972826,16.34221872807405,0.122202205255544
239.45624107577052,-1.5034283673275122,0.31867593627006385
-80.08447996646318,0.16462476753332644,-0.5635875914073574
-78.47893076185844,-26.78098754344176,0.37722438692037047
-80.6147266201812,5.592053896017733,-0.7184692529839293
-38.09218523054037,18.970361686350028,-1.680679436439865
108.43207224026483,24.710973503333125,0.11129582160204277
-79.81099218176925,3.318293193800256,-0.7251156300772956
206.77680270324663,-58.24584883513721,2.8904777001986472
-75.90471834650702,-56.5778611029295,1.2513472037390765
5.092689156490035,27.706231449343495,-1.0820778197854668
-72.0652995693549,-71.61914073951924,2.1412664527443663
-83.23662318647514,34.0102188284791,-1.5659871869834103
-74.21530178302407,-32.37570548765682,0.740877570773274
-72.58489406307841,-71.03679067386612,1.9083640824347814
52.178606581597116,-12.041351029519024,0.6633688598962304
94.58923690978695,15.882295943941848,0.060532413860936184
194.12901255806966,-11.489600888922391,2.2549847392770075
48.90750551959597,19.362119407406734,-0.0034753096531962707
40.854463380597046,0.7358443378273067,0.15799117506842292
-82.63237691872911,27.023696349942224,-0.536281214206049
-81.36616072482926,-1.0377416795197858,0.2543702914348534
401.4009654541731,-13.404138105333233,1.3421437262115883
-76.65022310274198,-52.31069722712634,1.248583991043357
-81.90996968035462,2.6300807717831236,0.4891815219717849
111.96645237166335,-11.89033962224575,1.1639122037445844
-26.15151979862186,19.655599292331676,-1.2451168846725018
-50.16745933799116,29.059146377620653,-1.4582145075740363
-82.24703410950872,10.551937320385036,-0.966388951044256
-74.33568280037349,-43.00675595544206,1.6146006309995828
668.2795422119943,-10.110064962220301,3.0290823520770025
-25.95917107659083,1.0720416726989273,-0.12244216681619637
-77.95312723176033,-30.647931280006794,1.1624940442959018
290.8078392044512,11.62161296521331,1.0661179108777623
-46.20236552597096,37.34217624285082,-1.932798215690176
-80.35021898227305,-9.20757798494375,0.18594875549495224
-38.704900781027234,44.44952346966925,-1.6800130234074901
-75.36184668703326,-57.39703977341731,2.006146832775432
117.55954844588015,-52.64918320971444,2.192527746148124
-72.62335075249598,-65.67938383562196,1.8075368679076236
-74.78816727330499,-51.43267751887917,1.7090013794924515
-82.19934483901412,8.30745786082944,-1.6601631064002818
-82.03537753489995,24.349146234901834,-1.4541102824031813
5.986137062166474,31.896213930050635,-0.8852127577896549
-79.01744721183643,-22.303052447680496,0.05391008343409161
95.06233543427147,13.955031381059749,0.5457223583239744
116.96483416987992,-13.398126700416332,0.5754219899740093
-73.25198691100766,-73.71154919607636,2.645091211780603
-80.45844063625296,-10.846881079309235,0.571837362128553
601.8019505859072,12.239908783793505,1.195569276555085
321.090731731989,27.680758639951488,0.3891320881097634
-80.02342841167153,1.1710607906894117,-1.106406697419327
-82.28239210834666,6.861409908480034,0.31009178413157557
-79.4950108703951,-17.629062734008187,-0.5032610288356608
-27.94210801952874,27.458930613532885,-1.825281767109682
-81.8937508934168,28.2573678173514,-1.2426759859819838
173.09373042494187,43.69234753815153,0.07320927430314893
-79.15336320171163,3.3900337174227846,-0.35145956781285154
-79.31986055237466,5.558756900629104,-0.22420989510715114
-79.86619231044543,0.7452016008604044,-0.8329905498655605
299.58993231291925,-38.073301687861836,1.2804445650348824
73.55824125930644,-29.7748305550023,2.3486773601785176
56.341242481284304,-63.606204078425236,1.6061957420523483
-79.64683209317577,-17.492183926239427,1.2481878105716917
-81.03742201419803,19.446725957734223,-0.6299103912834231
-77.44523241126426,-34.10754978522928,0.6339274379279229
-80.41247684281215,-10.02828497736269,0.054541881428108126
-15.235934191471008,20.680188071960394,-0.04059355221324509
-79.838711550005,-14.52334102732104,1.3575094816786355
-77.18363983629962,-11.532322857784688,0.94884920221117
-82.6662110478839,14.184403683062527,-1.4645049876691214
-79.1946240748279,-22.35289542681629,0.8006092701231254
-79.76188994538218,8.89941273498811,1.262610636097279
-24.362605471674843,14.032675975751651,-1.205103499173878
-80.39468380681014,-11.582082322837172,-0.7011727553095141
-37.440477769982586,47.3811359733851,-1.765521920988039
-81.9944885794263,2.673951043777327,0.7082409444612839
-22.607707818580145,20.647130052291224,-0.15284266721490963
-80.71099795540812,9.203136272152907,-0.441221534413412
34.35169203879624,22.437111118942408,-1.1780940835112585
-81.27930905626637,-5.754570420036663,-0.040116132281719924
194.7695955845652,33.62136857635558,-0.8799261548987104
-77.91830412320988,-32.7298465152066,0.5597625038406999
43.288687061876765,-5.56350310693917,0.8696381110581353
75.8200181852571,-8.272070386510144,0.284851504083552
-76.38069601954334,-52.0528486883908,1.1123657733190633
-81.71656902327186,-0.10222569563364353,-0.8058786752317901
56.55488809671363,-12.120069496583195,0.5781397789429108
467.085871275665,9.65891924468334,1.0169108652049752
140.65471984221023,13.798848551920873,0.3962751379412504
-33.57942981988362,24.48071281271982,-1.3458397073568484
-4.560297288943465,12.785885429027172,-0.1456640221479606
-42.782442654805436,37.31718713375056,-1.5560282706692317
-6.556089581580511,15.541062863666088,-0.27786781785815334
103.50540153973947,2.2774084280090796,1.0121597246792873
115.41341014890635,9.268949949583869,0.5701834211485428
-77.12910292930383,-48.90940024859355,0.5996464292208938
43.45320365263498,-23.33016414078701,1.3613794046349244
281.7640400493295,3.8140622758139546,-0.10570181077022887
135.54502343385934,7.649071157926483,-0.6429074537495102
101.85177790016628,26.935278142843966,0.6025905393580858
-81.53491083463048,-3.6734600616104656,0.20665982328265184
-77.07609328060066,-43.230304420693066,1.8952900392066432
57.68632055316784,-13.727417992472054,0.3760999177106733
-40.337087084091515,38.00074255602714,-1.128813000101889
-80.29987143560167,-7.382533489985805,0.7165408591457778
-77.70549839610572,-38.00565590868052,-0.11242791694878296
26.177336429444807,3.5029154158841247,-0.03752971882138562
55.74303246273941,-35.51485426091458,1.305101022619889
68.84151309576403,-7.284647326380842,-0.7764718834963583
100.11081235622586,3.953166445271293,0.18734279457819683
125.10562882847186,9.869974767716476,0.11121057039703765
-82.83794980318474,32.331018880799064,-1.1595932320101718
67.44018533537063,23.074508070562604,-0.41468142243779366
19.239129191014097,-31.353982666040245,0.25313402244650784
3.4411364281691847,11.560047269129104,-0.24649399803053013
-79.58816385212302,1.4487705512602458,0.724574313756539
13.362817264647646,11.190526262275279,-0.47670360801250994
-18.40092284904247,18.762971680948635,-1.7107633940190872
-74.44601928394893,-68.15756909079128,1.3429373263370712
60.38683171871235,13.40344520717367,-0.1518638394127532
-73.41910747928905,-84.33573172547125,1.6967598636681855
150.23126369467602,7.747182032642342,-0.06137140590250783
-79.4405376920488,2.1421011758098323,-0.6056964807640676
-79.03069950240379,-10.812060077753147,-0.6118369035007684
-46.43944938834494,-38.6235732794313,1.5042752823704848
-79.22923253295376,2.50668721525747,-0.5419459484035821
91.14811241018474,-25.479636816839502,-0.12620636003069818
76.45897611491739,7.896227988147082,0.05902623528564095
-74.78212470015966,-66.16914655637645,2.2375212926714014
39.51616841026776,21.513779442075034,-0.42323495414203866
-12.59663134111061,14.353221538205108,-0.48028590411175365
-79.75755117434167,-6.702367202095965,0.6352388702962395
-31.334728632504888,32.799432775683144,-1.2112004949277535
-75.69195704809698,-57.949781608965445,2.76165715614141
-81.95159416398438,2.8968587441922953,-0.303944984198074
-24.550400107300888,26.277855723387777,-1.6179779874453333
180.03967408973955,-25.62477592193566,1.3586341993659172
-81.99551235680966,3.347307638467174,0.8662320751701809
-81.01491701408297,-5.4840149800034474,-0.07852623776086427
94.59743202616654,-22.2812646728089,1.576196250835786
-74.59550500290156,-67.90197049633265,2.205626158973659
25.43449729832034,-5.104560970252206,-0.558924449649927
-9.267827641308235,23.827472047634483,-1.2118071070302372
-90.16776390785971,112.61724533868578,-3.63143551683061
-80.08108392883125,-12.331090701292828,0.0483690197660334
-83.00939091325223,12.374525481469162,0.2945706080947956
29.775731865959152,-6.690237007371577,0.8133173408965371
4.4839978617997875,-12.314918788928676,0.2525748687100791
-82.16924111836593,7.679533004356911,-0.25191475625620285
-8.22415251438547,23.16974266627872,-1.4222554345990062
-90.09240141262536,108.12490903540244,-2.691937324134457
-82.99065618858596,17.917734071558815,-0.4218998575410361
-78.68243862511264,-26.02283276113975,0.10791250995690065
-84.45730172080005,47.398721944843466,-1.6176038893014961
-40.2291965895994,28.652909513427016,-1.328162269092183
-83.18074734951179,21.266217649398353,-0.3977743452927827
-75.96836304134028,-56.551253547838954,1.502626013473769
87.91943597990026,8.834781037952093,0.33402576045426763
-78.94008487331116,-7.164042928364414,2.5560586725203094
-27.600710894824008,27.561942178719846,0.17368802831897862
176.5157627758887,-56.644242261035664,2.0501384628849126
250.84961800699716,-40.95921614517452,1.7836479523550672
-76.99299585420714,-49.03491292802507,1.196900983271313
-79.38847451459512,0.4629967403902292,-0.00805349918468809
-77.92816541403198,-39.45061148039382,1.477253409114916
214.687052459649,-5.327591210949047,0.5731931919078184
1.284658384220671,24.498190250463672,-0.21859364380022034
-80.19796110932177,-11.417311895407293,-0.07905791863350047
-81.59539320605997,14.629793827478316,-1.73780760331444
-17.631549404897086,36.62600623062075,-1.8442098833301235
61.92769707390991,-11.930220725402236,-0.304693993808636
389.64119120062657,-13.576068861782778,2.2980035425626677
8.525376302547919,7.856391940715913,-1.623195205741361
-17.201573528895167,36.99659411304339,-1.157240711889957
13.625551121615395,20.559259618924507,-0.5706924760503
78.94099096706829,10.630785421573593,0.41227660133930083
246.9486195012832,0.10416424418342957,1.726649729523165
1.7559503750843657,22.487482059990334,-1.7835824323757676
-7.10915383153152,36.13861375314987,-0.8644355055696861
-76.73640830717088,-44.301202384821565,1.7631502987143575
-8.693559389037201,22.3696350340176,-0.3444163771574555
1.4700423392285382,15.268893374835264,-0.6160239238520671
-80.8535754162295,10.369441557912555,-1.728017579255878
99.38208972692571,23.89115775177368,-0.8095683508319494
-24.007500842954684,30.472018501776233,-0.9901790270724435
30.54607082579897,0.5209560942521164,-0.9194271910999483
-30.577727079831792,2.544815178826142,-1.0130749796110523
-79.13968277210853,-3.2848393042748634,0.16176549617240701
-79.25971399944751,2.1388715024640472,0.37608158341601355
206.49580210703155,-8.056578845840406,0.7128186066805542
-0.7044436481805721,21.498690569774027,-0.39679072303785456
113.79512757079857,31.076314081484934,-0.8011667389186727
-75.7627708472057,-53.36497367486853,1.9679977612518638
333.33356522070034,24.410397271397112,-0.923034704577122
6.047787084150358,4.469454308545076,-0.7185031311533525
-76.70440421026876,-45.80825992982575,1.2227852898235065
194.45822234184783,15.709368662977528,0.35095558532526416
33.009396227048285,29.726493998657006,-0.6858854289191344
-77.04870710352269,-14.254375269895215,-0.1559875283438346
-84.40896812313139,30.633255043547788,-1.89892590199736
-71.47515620639733,-76.13646007347991,1.852172300191554
-83.1047908232419,17.470503312198076,-0.8137559681199568
-79.24387083365671,-25.979527131413242,0.3484656163397471
11.1379420305905,-15.253168495561212,0.44322177573147564
-83.65083966781435,38.21541065692349,-0.956963164755052
-75.98961918574933,-54.96741478227419,1.4064856635135772
85.34751695969439,10.255560947373521,0.6018973342934972
-81.11660407085074,-5.066054243134257,-0.22267778832742693
-82.6620470969836,13.326950485060065,-1.570016437085657
-73.08859718375487,-84.04026126453643,2.6266340281655705
502.6420914977509,-0.3337504807523059,1.4532167755091052
-79.57341346510094,9.43297550185714,-0.1541952051909553
95.35823631591317,18.993720582102167,-0.5258131731156502
231.35814312761892,-0.5284831689276223,0.8829135500479945
-16.371995000549852,-21.82749728849831,-0.34687821709230426
89.09309266588713,-4.5692392637614425,0.18875356791563921
397.67188031594384,-13.327302992342844,0.798832300197703
-81.59750723170858,17.72770445863796,-0.8395641088723496
-76.00824181947955,-32.0172440207598,1.0676487846757234
-84.38693371420639,29.84585475685628,-2.0318631932675904
36.124780338551716,-2.3184312128814244,-0.39928829109111746
91.15920642720017,9.334260560301011,0.16159653799620394
-6.612344729396286,27.836701750576633,-1.3341033751876694
-1.9982490010455665,21.795578692645396,-0.4075666553129883
-79.78889453162863,0.802389626816401,-0.46369662771987497
133.22244904077291,-18.5405492299697,1.7298869731996631
203.35706605156614,-42.80967911130272,1.6097155330773598
-84.65137692791386,29.959572782488024,-2.475698177774257
105.90028171613648,-48.38292190395983,1.4209852614931895
68.23281346533531,-8.905311978834408,0.026426157739981776
97.46911258590968,31.640427292612127,-1.0443726074906987
-83.84827264045792,24.290881975715745,-0.9360488220289476
1.810659678528834,29.970032357413622,-0.9857108590632813
-24.145736810444536,38.37174555482057,-1.630705293169151
-78.70255083524906,-26.241484817925997,-0.3372480430916668
-83.15973769097023,21.945413011378285,-1.0044778967347625
-79.47446092402055,-18.286584397271568,1.365924690718189
-76.33646380425719,-29.186210710126634,1.4527622729475225
-77.86216887606652,-34.14914550534546,0.587074566899851
-82.05290301502349,17.660416280540577,-2.056581738319275
-81.48130631296297,2.1269285267489373,0.11235134164427527
-71.74305180595196,-79.5664248770875,1.3821766609692638
-33.154288790509774,36.212495870862774,-1.2414859050405336
39.902598885427736,9.924098402124178,-0.2646803071253856
-81.77248828063982,3.679195819204655,0.3149828956430737
-80.28458448337574,-2.691934131787825,-0.19416361138736926
-56.41969593683732,-62.54133456267931,4.087250798817142
-12.316995153443449,19.59514869075526,-1.2013689879135028
11.341996688423873,27.08929578682856,-1.077950360714573
-16.354620719385867,18.194262924646534,-0.7496582864945286
-16.83400621801591,-0.3890583612343979,-0.7270906704526984
10.642428723486745,41.54736140826208,-2.0923102169057777
-79.20424839719502,-19.98519600141904,-0.03982378788595606
127.2061053188383,43.07521678244115,-0.9370669067783828
-82.1027527735533,-1.9000213390912837,0.5181347799269588
23.31160282308977,26.338226669846765,-0.33426212435058034
-73.51207640098622,-59.569501718089555,2.540644351548391
-79.531674775915,-24.02754482459551,0.49388595504087807
-11.710844656768042,35.03428652311813,-1.1000593488781027
160.68016091762385,-14.893930771432023,1.9467124639017048
-17.811238931533254,-21.113114142413334,1.0054750978347582
-23.807225939671326,-3.3684486765436144,0.12548536306548144
-85.60333900980245,42.33506658517279,-2.226138962524484
-33.95965396990055,42.61922869025585,-0.4210191694241914
-81.82647425735968,23.368030960761484,-1.1653103653633543
-80.73584437913999,-6.979932044804895,0.05850193204746543
24.57045658767503,3.070852505028143,-0.9387848540292918
-49.011010914664126,45.12430917424075,-1.9395662207830353
18.68612063555528,27.777541043929787,-0.6794569903392927
-81.75050669953639,1.2696046129955285,0.8943078327760965
64.62592524011312,-26.403841560724807,1.8096187843085614
-75.44478160098689,-30.356459597975636,0.8887579047431072
-76.53440467131203,-20.719304262594235,-0.12185285274884013
-78.94920046049828,-3.5514837461538513,-0.17503177749956295
-78.77928869583039,-28.712289809413566,0.43105338756926415
-81.26486996674971,0.1253346273170049,-0.5952968362345669
-77.19195205649034,-28.251643022680366,-0.15153991375135023
110.5843226230732,26.400648637869498,-0.5793097249723432
29.10101212419462,9.005164235552797,-0.5158592808857744
-3.2417045057478413,-5.716770195936042,-0.014966616536320143
-77.41823458144134,-24.127268513744255,0.286774260769561
250.7538530694097,-12.559365106419301,0.8618663404379915
-77.67176561350054,-10.795738387331605,-0.46919008447965715
-34.228459723421516,34.571392519016136,-1.236756176144991
42.25478019029356,40.15313751963746,-1.431396178378615
-79.06489635490718,-22.54065942146044,1.8916741210346992
171.87899738814107,4.689103458837649,0.3466598422269341
400.5147698117259,23.830869556532704,0.40459463347802394
189.98393419536836,-37.79683891667828,2.4391781526299328
-81.63083995044073,14.151056454461337,-1.111825205914472
-73.38282807793625,-85.9086680387537,2.3990099903139632
-16.919433772825627,37.66121973832164,-0.850308506035291
-81.46462246781695,19.782846375093744,-1.1087194125962079
-80.33634768248432,14.89486000917804,-0.660107041738912
42.086446176683154,-1.7788323146479568,0.4842207773566119
-86.01615411149601,43.92313821221215,-2.662797316954309
-76.20362952184843,-57.673149707629825,1.3719023759912228
-81.65569647824525,2.718965537296928,-0.6438638764449665
-7.958615263828408,38.980960051991836,-1.4436384965960698
72.59067545602755,-68.07952907318169,1.878178980348781
116.37160303289166,-22.23483389901828,1.1112202131916995
-8.924770761621984,1.9763745144203138,-1.157186719698587
-82.02213066614786,29.079913520316584,-0.9177458241753653
-89.782805540231,109.85888736817881,-2.281416918010499
-3.2511173310717942,25.8335940765928,-0.021326924142853643
-80.36792807275934,15.280275557136049,-0.5227928674304533
-84.79016241198943,33.18211740664132,-0.7510467512970517
16.64422117799592,-59.517772828592065,1.1946622498982582
90.47485060816396,3.0570434141221545,-0.20037363131032168
-7.514485783927079,40.19546391404688,-0.8703284352361463
-80.65786477431978,-13.209015579061946,0.22572070120559048
-82.27031359119917,26.64745763458472,-0.2912341298643283
130.65792551735257,-2.2103973930904908,-0.8276772627488133
-83.64728521053043,17.26027819248401,-0.6169871402950498
-83.55775227021074,23.170449211082047,-1.2351527734296432
3.624736624251877,25.54247875639508,-1.2254808032642122
29.020382782077807,-38.052071154604526,0.8017643018073356
87.98901385660234,-20.082717205401796,1.2075928615540898
-79.81521926341635,-17.95227892387747,0.7166090188024229
-85.07020746070941,34.86701571481418,-0.25866569978871096
244.537724974328,8.450997011952323,-0.3677133428777327
-18.232245137882757,52.18074354407325,-2.3025017596334934
51.13534984430116,1.8837658290855872,-0.2694786231129355
-82.71087672751648,10.239365200959403,-1.405806237897578
-79.61375506533201,-19.587644653335822,1.1659463018450564
-80.24563654863196,-9.821718406749678,-0.1487560889259765
-82.96312430667284,28.76055131909379,-1.6136458290486309
-0.4712637304678458,26.502582675053976,-1.9554531609522847
24.245256037110234,7.7103400231014225,-0.9870387154737709
107.69108099596262,16.789792861155476,-0.7068100046620596
-81.61903742157074,2.2110213205578106,-0.8798938645928551
25.84072045129991,4.270103085389197,-0.17208272970024024
-81.51826926222883,4.547674263448543,0.07870699730620102
-16.09745498444985,35.00692321768778,-0.33141236613527325
-84.5606770187297,30.49930567870335,0.04168456260379248
-27.50741769557472,44.12766623280928,-0.7946272743091755
-80.47451428581186,-8.340116442349736,0.9183930844779256
-81.78724645503172,2.1595388843601664,-1.1372027130402071
-87.15024965613154,50.510016006951474,-1.9785799963492916
131.181139906422,7.111144280677605,-0.04692295596067113
77.64120466575987,-2.380609690596624,0.43844949616914186
133.54738099484243,31.72893508423139,0.36728560883944134
110.48380656624124,4.242120929282447,-0.004094682388836202
-81.37194187518055,17.42616277619176,0.33326260379096984
-26.624219370390467,31.593793084646737,-1.03711442003037
-6.312496761680534,31.506970529022002,-1.3621632387564357
151.7965980444721,-52.423347045836316,1.9790479232228348
133.38391419627706,-56.17769605972949,3.0330602034701317
86.6391941965876,-0.8047387556272985,0.02330891217256334
-6.9655126110733825,-45.97130009468397,0.9466685076137304
-71.356912557581,-79.32839171229296,1.4645703338031484
-79.27571608576666,-0.4915733231393019,-0.9410230032724723
22.998344194654063,40.23145385573199,-1.1022236795906135
-81.04774644509315,-9.161279242010668,-0.14601082798412204
-38.66131961136789,31.399764123479496,-1.3294972433560974
31.51001166675254,40.63572747181343,-1.002610479046474
135.23358123704824,10.075491896174475,-0.2877348660597482
-80.28721533402026,16.91061916817402,-0.682412423082614
-81.60764030315673,-2.493471270770025,-0.040980072913473234
-79.6820884362799,9.072264585592547,1.0100445221892977
-83.97693329390768,25.14343060558265,-0.5064835633785029
-80.03816160702726,-16.752394491376155,0.4126588340007668
201.20783780475278,-55.09769618780013,2.1206389491275908
-5.1780409794078865,34.71997074529518,-0.9776676780619618
-28.07443702846178,20.412331510949198,-0.5770529236968501
-83.21036160728978,19.72091387322554,-1.1955684929195265
4.932404312015145,29.61027852978973,-1.0275065866706978
-62.751785438994055,17.04491485365795,-0.6187079526492562
43.58821309947608,32.29772382206824,-0.638649838604637
49.65764585526261,-28.23249056514317,0.7583698114338775
85.18969107212261,8.960658791329756,-0.4325398848982764
-84.69046155533981,32.02434593478446,-1.2312308042988362
-79.25836118570638,-19.209508508681786,-1.0122594508670095
-36.05680756378564,10.125253868224286,-0.5043634445461769
37.40441191392145,28.640312601170706,-0.8844942706510723
251.50184637883936,1.9230120092864458,-0.003969757536672017
-15.581071071249731,6.401072711523793,-0.03435916380706443
48.03440333908576,20.897939419937593,-0.15308616652951834
-80.40494119871998,-6.226337305493929,0.34472926470312487
-79.423541952089,-20.64305349817991,0.5466619636555053
-67.0849517692787,-81.24517231939068,2.568356307961171
-74.22875919592691,-36.98359516577503,0.7092502279160053
-80.2472064711197,6.833608786246131,-0.626870404243907
-79.50721147212361,-13.078176758206059,0.6061206459264639
-82.37602759357596,8.95935297727027,0.1244621280579693
517.120628437552,42.85864407060299,0.14463234634198002
-82.85565200117867,22.962168669702386,-1.5657810984850133
-78.38076940153391,-31.10787014205402,1.1088730689643795
-82.3948621085568,10.005662959228813,-0.8610836845357625
81.6836257315061,-51.05925057829966,1.9309341546286283
-86.40974577859149,49.3847835799061,-1.7108811836885978
-78.64396557082146,-1.4253059800776635,1.664184654720293
60.989345362171235,15.775875854182733,-0.3990279125331971
-79.23883820057216,-22.684286933854615,0.3827791231689665
30.952156542420934,45.016623672175335,-0.5546536665086235
150.92020945861032,12.939826390625493,0.4033145695079043
110.89791003257616,-55.831716307532744,1.2289375106891045
-85.50942098375666,40.35277776408197,-1.0680738137744237
-58.370153024333504,34.11176186286796,-0.9452078516591911
-75.26623259803024,-60.91961441904721,1.227720585308471
38.012398514088936,21.132560871712247,-0.9591845663090532
-80.33013615836445,3.8044130813928776,-1.2053000783829597
-84.14655789441991,26.34554920369778,-0.43621737547318434
-77.96933202499542,-9.654217082971824,-0.7001248991333371
49.35112421066553,-27.829395881646498,1.5444055206324798
-75.59556254321933,-59.533562954475165,2.1179655839661287
-78.29326991845484,-7.0135406772990585,0.09914588753262887
219.21638924789812,-37.017708063996096,1.9768047939416091
-41.341458817725666,27.493038944033334,-1.7820615612907507
195.41131148725054,-12.299843620577535,0.5601905155510319
99.88650322137411,21.738312959370685,-1.3769145499179667
76.0092432004165,25.41678369176568,-0.6818375518200505
118.5229560400828,-39.57292401040138,1.547941809791329
245.81110442843914,-25.72250798987642,1.8501339744419194
-80.14682830110294,7.729445774793804,-0.05485791681813065
65.82544734566575,-13.637630270847856,1.5375477706938045
-81.97068063960958,6.515434717373209,-1.0870237130555511
-80.48467513621218,-8.209331650021836,-0.5863245117278918
-70.22550548057625,47.901135774176886,-2.461611356668801
-79.82463653083161,-2.8216182450246046,0.6898933563183282
-81.74863434953086,4.272659441009928,0.06582374786330648
80.46602150510563,15.556485537439602,-0.4710785093817927
-82.08369614323423,20.672386971900213,-0.6710831408810222
-73.94453710177322,-74.76333650891408,3.0009311295736967
32.947092180877654,30.987522756864234,-0.6559928233807577
-81.81036393561952,6.33512239259849,-0.8446096226605696
-26.636966621503575,26.767486218641043,-0.7600135637786775
-80.16459155009167,-10.428291893570815,-0.9521298424768794
-79.21099633610069,-19.01470014294028,-0.2791633545900391
-79.63502921026051,-18.990096585167688,0.313427360515907
-81.91650069852477,21.31835151931637,-1.404794424303236
-81.32727339635849,-1.2743293615840579,0.12194815242508499
9.683544957701681,20.463440893940618,-1.0760475286824787
-81.65278123877941,3.921717813905309,-0.8507746997630766
103.15988883429588,2.674409784742443,-0.9448298245333115
-83.52800495737463,20.821589034198098,-0.674504603083312
-82.1499366833318,6.437651134400035,0.4282380888968487
-82.17101743569833,5.04633173795393,-0.5787282951606356
-16.343330455642572,25.211703284352176,-0.9898765467480792
9.716697216281522,23.6590129490045,0.3676696476535609
-36.20100541217247,17.31314845678421,-1.894640878220687
23.228243286102472,19.240134469136564,-1.1609880683563358
-79.72319614946048,-14.590860569649362,0.16352869713696638
-77.86789160366845,-37.94604273664158,0.6947084216118585
-84.679605967515,31.60127581771324,-0.20854028208511258
70.5369338656566,25.466187466971896,-0.8122589482971343
362.32698646605667,-0.7268288993132269,0.6446087118623727
68.01799484511177,-39.146480079861796,0.3315117820105878
85.09953414244437,-44.00032685916917,1.5608884705396115
52.353087165520776,-12.428346684488488,0.6293289158076829
-80.51837750518848,9.293169428448131,-1.2577069153690696
17.112382867923788,35.196291377452575,-1.6187992440114298
25.695552448307566,8.554581728667035,-0.2645894089155823
-1.267180583891085,-1.270632907318136,0.057654636457764696
-80.87482768100564,-4.565664561140751,-0.38493371169218576
53.907807512474655,21.54559662770039,-0.9411269420636881
460.6104201952537,14.073009229315153,0.7056924203211479
8.785193049734962,24.816193380205156,-1.5525454732598787
121.20410722438882,10.938725516631397,0.48633193315524575
-79.2862682740734,-22.891150207775823,0.9414561754057388
-12.833361173227582,38.3959171869041,-0.695423777181907
-76.38390910236268,-53.66355084362255,1.3742560326146398
-69.9352046258266,-82.03776193300197,2.9919908677545473
156.8445619555916,-36.004083825058146,1.3847322024870488
53.983221994051924,-20.099737935319965,1.543423807017377
-78.85568347169924,-0.5361969257878437,0.25023370399585954
52.7104558896936,14.684426586611089,-0.7606033991119319
-76.96289661730425,-38.142966197983775,0.9027755167608926
-79.91008944960322,1.4399341526006992,-0.041097528954792975
107.76946222017888,33.47234740688011,-0.16973681132027013
23.949754329442914,-32.702037616852415,1.1406773337747595
92.18314816406743,-36.39402018017294,1.7276767975826808
-82.25308505820902,16.791065393408314,-1.1727672803673965
-35.03002221783935,41.18441329386232,-0.9640586477989533
161.07533379771542,9.970602571255501,1.1948714453474043
-83.29567708315228,13.358706604801759,0.2077844544622716
-73.24644058500837,-80.59572062131959,2.0545056397176533
-76.97361151135517,-47.81510976849438,0.9424079044664682
-83.28902018878317,20.759071209160936,-1.0046817872702016
-80.67537123506125,-5.428251937945409,0.06854521114530676
181.51627812340314,40.081079663059455,-1.244340181149387
-40.730077748268734,64.07335274575885,-2.4498887737962245
-73.89844783629684,-47.32292219804157,1.6556920464245528
23.758174601735586,30.42298544900495,-0.4574404601059214
-79.89429106626262,-13.420072657385633,0.047760910779606536
-79.3904119000271,-28.790772061142057,-0.9610803877443685
125.59160604876747,4.728726629021265,-0.05128418069851428
-79.77189518994193,-14.854751066422637,-0.505247878429652
-81.04061203549072,9.412148077134301,-0.8431620431121752
101.72154250096774,-7.601005345558161,-0.24192898675353805
103.68265077468705,-15.724761721649958,1.067163939235158
-81.79565104876156,3.369365800961143,-0.22897653154099584
-76.05818366362527,-53.38412215793982,2.041270837434148
15.95704025643623,3.0152318922330235,0.4003667088232525
47.44348543073382,-3.544243200573935,0.9968762643783491
-83.75186466654152,24.184743492685136,-1.6586045328400525
399.9908608233417,13.221694810624923,0.10637666339237327
49.560085396995426,-42.84322390601575,0.8386285074423331
-83.80135621124788,24.344705157890953,-0.8693719942244335
75.05787316457298,-1.4397134313875515,0.08326714178486862
-80.56520831842474,-5.62871178869969,0.9367016287043161
120.0685200052702,10.568199261727976,-0.1541641786512092
-78.19132302743068,-14.250796886199112,0.2771854523313878
-73.8427308906967,-58.245782723260845,1.5713551792650673
-80.74960927901198,-8.164266112851868,1.204205387081713
19.045514497761186,12.534149832544976,-0.8987080399415464
-82.01129136652838,31.874922033668312,-0.7297586186403293
-82.63537251559036,8.615828081261043,-0.907245295884875
253.7732880319705,23.02324642576141,-0.1600674415127281
-76.17930292659995,-53.71188683525553,1.5756683728396343
77.6584368913126,37.29114737941845,-0.5536566027888782
308.1969102791093,-5.364705508897708,0.44119768139763255
-56.426041232935546,-12.18234611646632,0.11801964910431946
-77.53217658440144,-14.76725716342545,1.5405502284029429
210.78906820641993,10.854534299963012,-0.6277268262800806
-82.29577077159477,9.245885544243526,-0.9908317593097258
316.9832111471839,-31.561241320470316,2.396912981168069
110.87250749877433,-40.648638519141045,1.575359808827418
-82.20594991625919,15.126552320081998,-0.29720405598661653
97.75111800509352,25.78909981440896,-0.5179641800514974
-81.10194646374224,12.249970300058203,-0.16055129914284222
-82.81854521838291,26.820581529742825,-1.3805088735298698
119.72247212072645,20.906033821276154,-0.4084201878561385
50.05755248345896,-23.24813362918509,0.32992889639730477
25.55874127946628,2.733443311988936,0.19515582495867914
-81.08959070189908,-4.274208452773721,-0.697064455674333
-78.70765681631129,-0.05817776165400152,0.10509389508085988
99.78152879772202,14.494241810978664,-0.4044876936033017
-76.65800326609991,-27.25184912598953,-0.042954371576868294
-74.98491499087567,-61.97799313601225,0.35614847870078753
-83.58184720487257,23.486121792381613,-1.1905581748733052
0.33805314180316,-9.96614157254522,-0.23347934462988174
-80.33184493796419,-8.616812211886232,-0.25659014847228045
46.6342479427298,-48.80491978881224,1.7991345688900349
83.34034802272892,26.534645141782775,-0.8471618283433829
-82.14571205229296,3.557337051709104,-0.843094774065628
-81.1665520169096,20.150403625377635,-0.49673619845219
41.074621879405,-1.1644866662727964,-0.8258213176435978
-84.5600533711876,45.199539575786034,-0.8906508159136408
77.25697950106206,31.503881453411434,-0.6165271122124948
-82.18717420488457,7.41963124777738,-0.3399283996339977
70.88250485516589,4.203848467704276,1.4942470071142824
11.82874314674387,24.33502016384912,-0.5411803435192741
34.45163249946449,18.223039709765228,-1.0164544663380748
-78.2703782592138,-32.64517649924532,1.1451835230558887
64.31235259466698,-28.664872241959714,2.546625319702736
23.89024604959187,19.426462647393297,0.0742969096609988
-74.7819561248262,-35.15355246126618,1.1467643729714045
-25.011522799379506,36.68369344345308,-0.09470920230368197
125.99522665427057,-53.511060662188456,1.853406744569794
-76.76324906482587,-49.730565918997705,0.9769077048975995
-78.97653538457584,-21.943306274699392,0.7583160589855992
-4.36178502556099,-0.37515719812613296,-0.12208172277357716
-80.46788727873053,7.649711914883557,-0.910938460942504
435.037328179789,-18.479274865703996,1.1511848518822647
-75.21662883082475,-42.09702227527862,1.4083217956682486
32.169134755309805,-6.337891263267346,0.42175637808558103
-76.12172087838609,-25.869120684779205,0.6037338962656519
-80.24379626396289,-13.941651753725841,0.056995848231936805
-81.73477907468906,5.583687690728064,-0.6295981431378895
-73.44179455176919,-83.97859688033644,2.3480906350823996
-66.43057051546761,29.621274807180164,-1.0402933243556276
-73.60916087904155,-57.42977345202822,2.6253306241256795
-83.87419758775944,23.64026022009781,-1.047466806873763
99.23788074168708,25.08092713272253,0.11288920624166912
-78.64123888962207,-7.688010075015721,0.04450567820116032
32.113198265055885,3.37666479877881,-0.4849698056595668
-80.21449431230145,-14.18601976525174,-0.013594453636692427
-81.30814972470529,21.621496059680577,-1.2800894270101142
